id,created_at,text,retweet_count,favorite_count,media_count,url_count,Classification,Classification2
1102210525885288451,2019-03-03 14:14:02,Tim Cook: Apple publicly commit to work with Nvidia on drivers for Mac OS 10.14 - Sign the Petition! https://t.co/S1PxPY8jP4 via @UKChange,0,0,0,1,Non-Aligned,LibDem
1100082605477822464,2019-02-25 17:18:26,Using @aframevr &amp; @CesiumJS in my University Honours Project to demonstrate the use of immersive and portable visua‚Ä¶ https://t.co/s6f4dsf0SC,5,24,0,1,Non-Aligned,Non-Aligned
1008493804297613312,2018-06-17 23:37:14,@familysimpson @NotabilityApp @explainevrythng https://t.co/KYgdyUVVJe,0,0,0,1,Non-Aligned,Non-Aligned
1008492838538096643,2018-06-17 23:33:24,@familysimpson @NotabilityApp @explainevrythng Have you tried Whink by Rama Krishnahttps://itunes.apple.com/gb/app/‚Ä¶ https://t.co/lJlj4GKbZO,0,1,0,1,Non-Aligned,Non-Aligned
963696549674012672,2018-02-14 08:48:56,"RT @Shop50AP: Our new Zero-K thermal shirts are now available on @AmazonUK !
The Zero-K shirt is the perfect base layer for wear under your‚Ä¶",6,0,0,0,Non-Aligned,Non-Aligned
906166602013573120,2017-09-08 14:45:28,https://t.co/fdxZjLb1Lt,0,0,0,1,Non-Aligned,Non-Aligned
888146897235582976,2017-07-20 21:21:35,"Security is important, @plexapp. We'd like it if you supported two factor auth. https://t.co/qRgV4l7L1j #SupportTwoFactorAuth",1,0,0,1,Green,Non-Aligned
828913387379781632,2017-02-07 10:28:46,@blackwakegame @TJRLZ  @edmcklabour @sasrich1991,0,0,0,0,Non-Aligned,Non-Aligned
781422598458662912,2016-09-29 09:17:20,@ForzaMotorsport game on pc will only run for 2/3 min before crashing to desktop every time ! Reinstalled the game and same problem.,0,0,0,0,Non-Aligned,Non-Aligned
779409641746882560,2016-09-23 19:58:33,@ProfBrianCox #BrianCoxLive are you a Loreal or a head and shoulders kind of man ?,0,0,0,0,LibDem,LibDem
751136630572998656,2016-07-07 19:31:42,"#R1commentary If we get a penalty, can we get The titanic theme?",2,4,0,0,Non-Aligned,Non-Aligned
722300591855308800,2016-04-19 05:47:35,RT @boxcouk: #WIN a @NETGEAR Nighthawk D7000 Modem Router in our #competition - Retweet to enter! https://t.co/5Fr4jbIMYl https://t.co/snsi‚Ä¶,537,0,0,1,Non-Aligned,Non-Aligned
634041443867299840,2015-08-19 16:37:14,"@NerdCubedGames hey Dan, what's the scoop?",0,0,0,0,Non-Aligned,Non-Aligned
632827417023893504,2015-08-16 08:13:08,Download a Bear! http://t.co/1fNWgFUvC4 Browse like you're in another country! @theTunnelBear http://t.co/QkajxIc3qq,0,0,1,1,Labour,Conservative
629554315288576000,2015-08-07 07:26:59,Your Secure Path To The Internet https://t.co/wYOtghUOrF,0,1,0,1,Non-Aligned,Non-Aligned
598157505416540161,2015-05-12 16:07:17,"@ThreeUKSupport I'm off to Tenerife, is it a feel at home destination as i want to be able to access the internet when I'm away?",0,0,0,0,Non-Aligned,Non-Aligned
558739132282044416,2015-01-23 21:32:44,RT @hannahinabucket: fab lunch and catch up with @JennyWard_x &amp; @Liam2404 today #bestfriends,2,0,0,0,SNP,Conservative
493851355178860545,2014-07-28 20:11:53,@hannahinabucket @robbiethough @zoeejadeexo @Caat_was_here @ciaran310396 @JennyWard_x @LilWrenBird what have I done to be part of this xD!?,0,1,0,0,Conservative,SNP
492655785043038208,2014-07-25 13:01:06,"Just reported a jam on M6 (N), using @waze - Social GPS.",0,0,0,0,Green,Non-Aligned
492647635002871808,2014-07-25 12:28:43,"Just reported a hazard on M6 (N), using @waze - Social GPS.",0,0,0,0,Green,Non-Aligned
489132874608967680,2014-07-15 19:42:19,"Just reported a jam on Chapel Ln, Blockley, using @waze - Social GPS.",0,1,0,0,Green,Non-Aligned
476312716895084544,2014-06-10 10:39:35,"RT @RockstarGames: #GTAV is coming to PS4, Xbox One &amp; PC this fall. Watch the all-new trailer at http://t.co/KEZ3WxM7Lu in 1080P. http://t.‚Ä¶",20093,0,0,1,Labour,DUP
462214159396913152,2014-05-02 12:56:57,If any of you have any spare time could you fill out my servey for college please? it would mean a lot. https://t.co/nhOzbo44gT,0,1,0,1,Non-Aligned,LibDem
459266540085706752,2014-04-24 09:44:10,RT @michellefraaser: A part of me will always want to go back to school,2,0,0,0,Non-Aligned,Non-Aligned
459265882112688130,2014-04-24 09:41:33,@robbiethough üçÜ,0,0,0,0,Non-Aligned,Non-Aligned
459265657490931713,2014-04-24 09:40:40,@hannahinabucket that only hands can satisfy #lamaswithhats,1,0,0,0,Non-Aligned,Non-Aligned
456728504273346560,2014-04-17 09:38:55,RT @Jalopnik: Is this the 2015 Dodge Challenger? http://t.co/HENKMSSw1V http://t.co/JyNPpZqZzp,29,0,1,1,Labour,Labour
456447257450000384,2014-04-16 15:01:21,@TJRLZ @MrPaul1338 Paul this is a touchy subject,0,0,0,0,Non-Aligned,Labour
456435955562729473,2014-04-16 14:16:26,@TJRLZ I disagree,0,0,0,0,Non-Aligned,Labour
453645386909904896,2014-04-08 21:27:43,"RT @JensonButton: It was looking like a strong weekend in Bahrain with a P6 start &amp; running in P5 when we ran into clutch problems, gr8 rac‚Ä¶",110,0,0,0,Non-Aligned,Non-Aligned
452749064862720000,2014-04-06 10:06:03,@LilWrenBird umm... Actually you can keep that if you want üòÇ,0,0,0,0,Non-Aligned,Non-Aligned
452742939329191936,2014-04-06 09:41:42,@LilWrenBird give me your instant wins Brodie! Do it now!,0,0,0,0,Non-Aligned,Non-Aligned
450671508676177920,2014-03-31 16:30:35,@Caat_was_here :(,0,1,0,0,Non-Aligned,Non-Aligned
448979113102307329,2014-03-27 00:25:36,RT @notch: We were in talks about maybe bringing a version of Minecraft to Oculus. I just cancelled that deal. Facebook creeps me out.,13553,0,0,0,Green,Non-Aligned
448409458885279744,2014-03-25 10:42:00,RT @act_aberdeen: RENT - fantastic rock musical from Great Child Productions @act_aberdeen 30 April - 3 May http://t.co/LfNc2pEIHc,6,0,0,0,Labour,Labour
447519335343718400,2014-03-22 23:44:58,@jemmabeann http://t.co/yss71r9DqM,0,1,1,0,Labour,Labour
447511665366798339,2014-03-22 23:14:30,Just met @jemmabeann  :OOO,0,1,0,0,Non-Aligned,Labour
447298923120828416,2014-03-22 09:09:08,Off to Edinburgh with @Caat_was_here  today :DD,1,1,0,0,SNP,SNP
443342432747651072,2014-03-11 11:07:27,@Caat_was_here lemons !,0,0,0,0,Non-Aligned,Non-Aligned
442268307144847360,2014-03-08 11:59:16,RT @dcostello2009: Aberdeen aquatics centre latest construction pictures @asvabdn http://t.co/5rtrSInfFF,42,0,1,0,SNP,SNP
435741254383841281,2014-02-18 11:43:05,@robbiethough @Caat_was_here  üòÆ,0,0,0,0,Non-Aligned,Non-Aligned
434757274482249728,2014-02-15 18:33:06,@robbiethough we just went to it :),0,0,0,0,Non-Aligned,Non-Aligned
434747189500583936,2014-02-15 17:53:01,@Chloeb92 soorrryy :(,0,0,0,0,Non-Aligned,Non-Aligned
434746127251152896,2014-02-15 17:48:48,@robbiethough You what !!!!,0,0,0,0,Non-Aligned,Non-Aligned
434745884002512896,2014-02-15 17:47:50,RT @andrewbensonf1: F1 technology contributed to a British gold medal today - @TheYarnold won skeleton on a sled designed by @McLarenF1 McL‚Ä¶,753,0,0,0,SNP,Conservative
432977032319090688,2014-02-10 20:39:03,@robbiethough Take me with you !,0,0,0,0,Non-Aligned,Non-Aligned
432281585195679747,2014-02-08 22:35:35,RT @dongatory: It is not anything related to legal issues. I just cannot keep it anymore.,7713,0,0,0,Non-Aligned,Green
432281548780761088,2014-02-08 22:35:27,"RT @dongatory: I am sorry 'Flappy Bird' users, 22 hours from now, I will take 'Flappy Bird' down. I cannot take this anymore.",124916,0,0,0,Non-Aligned,Labour
431050477770641408,2014-02-05 13:03:37,@soperify great film xD,0,0,0,0,Non-Aligned,Non-Aligned
427932213309870080,2014-01-27 22:32:44,RT @Caat_was_here: Free pizza is always a good idea @Liam2404,1,0,0,0,Non-Aligned,Non-Aligned
424901097694978048,2014-01-19 13:48:10,@robbiethough doo it,0,0,0,0,Non-Aligned,Labour
423202753486528512,2014-01-14 21:19:33,@Caat_was_here mwhahah,0,0,0,0,Non-Aligned,Non-Aligned
423077445462663168,2014-01-14 13:01:38,@robbiethough @zoeejadeexo  min,1,2,0,0,Non-Aligned,Non-Aligned
423076637148987392,2014-01-14 12:58:25,RT @LadHumour: True... http://t.co/RCenDZPyzv,687,0,1,0,Labour,Labour
422714920283934720,2014-01-13 13:01:05,Nexus 5 is such a good phone :D #worththemoney,0,0,0,0,SNP,Non-Aligned
418765476861599744,2014-01-02 15:27:24,RT @itzsorelatable: Crying http://t.co/Vgf7LhKYzI,15,0,1,0,Labour,Labour
418703461925285888,2014-01-02 11:20:59,"@soperify the ghetto can't afford these ""fireworks"" but some .22 rounds should do the job ;)",0,0,0,0,Non-Aligned,Labour
417309517647720448,2013-12-29 15:01:56,"RT @Caat_was_here: Yesterday was actually so nice, love our little Rent family üòç @JennyWard_x @hannahinabucket @robbiethough @Liam2404",4,0,0,0,Non-Aligned,Labour
416172965899042816,2013-12-26 11:45:41,RT @decadecity: Ubuntu are looking to make mobile computing more than just an additional device you carry around: http://t.co/XlbSY0WJYh,2,0,0,1,Non-Aligned,Non-Aligned
415097479823384576,2013-12-23 12:32:05,@TJRLZ ummm yeh you have fun with that xD,0,0,0,0,Non-Aligned,Non-Aligned
414689238501036032,2013-12-22 09:29:53,"RT @Raspberry_Pi: .@o2‚Äôs parental controls appear to be blocking our site, @FindingAda, @Cambridge_Uni, lots of other educational sites. (c‚Ä¶",90,0,0,0,Non-Aligned,LibDem
414468655670624257,2013-12-21 18:53:22,RT @djtomsergeant: Les Mis Hoodie Bitches! http://t.co/IVhQaSYHL3,1,0,1,0,Non-Aligned,Non-Aligned
413680915521732608,2013-12-19 14:43:10,@soperify BrianFuck is much more fun :P,0,0,0,0,Non-Aligned,Non-Aligned
413624563038453760,2013-12-19 10:59:15,@soperify bash ?,0,0,0,0,Non-Aligned,Non-Aligned
413624457308434433,2013-12-19 10:58:50,RT @HelloImChriss: Hahaha #soon http://t.co/eK9vDpxcEi,255,0,1,0,Labour,Labour
412920175764467712,2013-12-17 12:20:16,Bought myself a tablet / laptop üòÅ http://t.co/YzUeeTfK3c,0,0,1,0,LibDem,SNP
412167115001847808,2013-12-15 10:27:52,@djtomsergeant so much hate üòù,0,0,0,0,Non-Aligned,Non-Aligned
412166894683439104,2013-12-15 10:27:00,RT @robbiethough: *uses dog to clean up custard*,1,0,0,0,Non-Aligned,Non-Aligned
412166886307422208,2013-12-15 10:26:58,RT @robbiethough: You know youre drunk when you sit on a tub of custard and it explodes HAHAHAHA,1,0,0,0,Non-Aligned,Non-Aligned
410726366842458112,2013-12-11 11:02:51,RT @GCPRo_official: Rent Tickets will be on the way very soon! http://t.co/9PZkDGMu9m,4,0,0,1,LibDem,Labour
408880497725829120,2013-12-06 08:48:01,"RT @MentalHealthCop: ""I learned that courage was not the absence of fear, but the triumph over it."" Nelson MANDELA. #madiba",34,0,0,0,Labour,Conservative
408549667778342912,2013-12-05 10:53:25,Only in Scotland is it possible to have horizontal rain,0,1,0,0,SNP,SNP
408547898633490432,2013-12-05 10:46:24,Why does time go so much quicker when you are on your break ? #workproblems,0,0,0,0,Non-Aligned,UKIP
408547052726272000,2013-12-05 10:43:02,@Caat_was_here üò∑,0,0,0,0,Non-Aligned,Non-Aligned
408193173086011392,2013-12-04 11:16:50,@Birnie185 I've discovered the internet,0,0,0,0,SNP,Non-Aligned
404016777803616256,2013-11-22 22:41:20,@Birnie185 I think your CPU temps are not dynamic :),0,0,0,0,Non-Aligned,Non-Aligned
403535687246708736,2013-11-21 14:49:39,@TJRLZ Ah shit xD,0,0,0,0,Non-Aligned,Non-Aligned
403534777938366465,2013-11-21 14:46:03,@Liam2404 you guys obviously had no childhood !,0,0,0,0,Non-Aligned,Non-Aligned
403508238559498241,2013-11-21 13:00:35,Soon #McBusted http://t.co/ioieGHlYSK,0,1,1,0,LibDem,Labour
402736342595289088,2013-11-19 09:53:21,@soperify @DanNerdCubed he has a reddit where he reads comments after videos now ;),0,0,0,0,Non-Aligned,Non-Aligned
402421940809650176,2013-11-18 13:04:01,"RT @DanNerdCubed: AMD doesn't supply the driver. The AMD driver updater doesn't supply it. The laptop manufacturer does, just not directly.",3,0,0,0,Non-Aligned,Non-Aligned
402421938834112512,2013-11-18 13:04:01,RT @DanNerdCubed: Updating a graphics driver to windows 8.1 is turning out to be impossible.,7,0,0,0,Non-Aligned,Non-Aligned
402421490500792320,2013-11-18 13:02:14,RT @robbiethough: Saturday night with the GCPro family ‚ù§ #lesmis #rent #drinks #movies #nugnugs http://t.co/FveATELm1y,2,0,0,1,Labour,SNP
401450741447282689,2013-11-15 20:44:50,RT @Caat_was_here: How pretty is the sky tonight! üòç http://t.co/mnELPpsi9f,2,0,1,0,Non-Aligned,Non-Aligned
400953021670391808,2013-11-14 11:47:04,@soperify there is an andriod/iOS app as well for all those weather related needs ;),0,0,0,0,DUP,SNP
400951212591554560,2013-11-14 11:39:53,"@soperify depends what you want to use it for, you can put equations in and get them auto solved or you can ask it the wether on 25/12/98",0,0,0,0,Green,Conservative
400951046518108160,2013-11-14 11:39:13,@soperify #themanyoptions,0,0,0,0,Non-Aligned,Non-Aligned
399540287984644096,2013-11-10 14:13:22,RT @BBCBreaking: IN PICTURES: Queen leads UK's annual #Remembrance Sunday service http://t.co/eKB2NgtSNB LIVE: http://t.co/Z5QWFt0yh9 http:‚Ä¶,700,0,0,2,DUP,Conservative
399295139073363968,2013-11-09 21:59:14,highlight of my night xD: http://t.co/GKMEMgNrON via @youtube,0,0,0,1,Green,Green
399138665412452352,2013-11-09 11:37:28,#youknowitschristmaswhen red cups at Starbucks :D,0,1,0,0,Non-Aligned,Non-Aligned
398760788342894592,2013-11-08 10:35:55,"@Caat_was_here had an orange got chocolate yesterday, so fine :3",0,0,0,0,Non-Aligned,Non-Aligned
396410409831657472,2013-11-01 22:56:21,@Caat_was_here so many repeats of the show :( I swear they haven't made a new one for years :/,0,0,0,0,Non-Aligned,Non-Aligned
394245046452912128,2013-10-26 23:31:58,@AshJLancaster ?,0,0,0,0,Non-Aligned,Non-Aligned
393493960423124995,2013-10-24 21:47:25,@soperify yes yes yes !,0,0,0,0,LibDem,Labour
390869265454473216,2013-10-17 15:57:49,@robbiethough it's rude to turn up naked ;),1,1,0,0,Non-Aligned,Non-Aligned
389492154915368960,2013-10-13 20:45:40,@AshJLancaster I know ;) &lt;3,0,0,0,0,Non-Aligned,Non-Aligned
389491367707443201,2013-10-13 20:42:33,@AshJLancaster HAHA i wasn't asking you !,0,0,0,0,Non-Aligned,SNP
387590052538499072,2013-10-08 14:47:24,@zoeejadeexo you were keen for college yesterday ! What changed ;),0,0,0,0,Green,Labour
387327106382061568,2013-10-07 21:22:33,@AshJLancaster you just need to be more confident ;),0,0,0,0,Non-Aligned,Non-Aligned
387326736788369409,2013-10-07 21:21:04,@AshJLancaster I was writing in Capps to show my self esteem :),0,0,0,0,Non-Aligned,Non-Aligned
387326051770445824,2013-10-07 21:18:21,@AshJLancaster I DONT KNOW WHAT YOU ARE TALKING ABOUT ;),0,0,0,0,LibDem,Non-Aligned
387325298079203328,2013-10-07 21:15:21,RT @robbiethough: http://t.co/X8T6sQjngq,2,0,1,0,Labour,Labour
386970289739145216,2013-10-06 21:44:41,@AshJLancaster I'm afraid amputation is the only solution :(,0,1,0,0,Non-Aligned,LibDem
386948997354909696,2013-10-06 20:20:04,@Caat_was_here hope the situation turns out for the best ;) #washingmachinejokes,0,1,0,0,Non-Aligned,SNP
385690062027243520,2013-10-03 08:57:31,RT @Dani_3lla: This is so true http://t.co/qFGJv4tOlQ,5,0,1,0,Labour,Labour
381890844980436992,2013-09-22 21:20:47,RT @djtomsergeant: In my @GCPRo_official orange uniform and a guy across the road dressed all in green @taramacrae goes 'You guys are like ‚Ä¶,1,0,0,0,Non-Aligned,Non-Aligned
381051716759990273,2013-09-20 13:46:23,@soperify you going to fit it today,0,0,0,0,Non-Aligned,Non-Aligned
380960066113142784,2013-09-20 07:42:12,Went past the apple store last night at 12am and people with iPhone 5's were queuing for the new iPhone...,0,0,0,0,Non-Aligned,Non-Aligned
380002360896266240,2013-09-17 16:16:37,@ZalaGW @getadblock do you not find advertising an anti advert plugin ironic ?,0,0,0,0,LibDem,Non-Aligned
379304746831872000,2013-09-15 18:04:33,@AshJLancaster totally agree !!!,0,0,0,0,Green,Labour
378276683159465984,2013-09-12 21:59:24,RT @DanNerdCubed: Played some Arma 3. No campaign. Only one jet. Apparently nobody knows when to leave beta anymore.,12,0,0,0,Non-Aligned,Non-Aligned
375660007339356160,2013-09-05 16:41:39,"RT @familysimpson: Dear @steam_games saying that converting the game to a new format will ""take a few minutes"" is a barefaced lie. 45 is no‚Ä¶",1,0,0,0,Non-Aligned,Non-Aligned
375022746780315650,2013-09-03 22:29:25,@soperify nerdcubed ;),0,0,0,0,Non-Aligned,Non-Aligned
367284685216706560,2013-08-13 14:01:07,"RT @SoTotallyToby: GTA 5 reportedly coming to PC this fall, says Nvidia http://t.co/JpZYSwpSIg via @Polygon",22,0,0,1,SNP,SNP
361047448698892288,2013-07-27 08:56:34,@jemmabeann needs to be done :),0,0,0,0,Non-Aligned,LibDem
360905220991094784,2013-07-26 23:31:24,@jemmabeann what about us ! :'( #unloved,0,0,0,0,LibDem,Non-Aligned
359453538402828288,2013-07-22 23:22:56,@soperify come on ts some time :) feels like I hardly talk to you these days !,0,0,0,0,Non-Aligned,Labour
356792494941421568,2013-07-15 15:08:54,@yazzixxx think I might of seen you at work :L,0,0,0,0,Non-Aligned,Non-Aligned
356790167601815552,2013-07-15 14:59:39,Going to union square to see a film :D #summerhasbegun,0,0,0,0,Non-Aligned,Non-Aligned
353943620572811264,2013-07-07 18:28:29,RT @Unnamedinsider: The best photo from #Wimbledon 2013 (via @petercoles44) http://t.co/nxEV2nGTY9,197,0,1,0,Non-Aligned,SNP
353430935976427521,2013-07-06 08:31:16,@soperify what's that Ryan ? A drunken slaper has fallen down a well !? #leaveher,0,0,0,0,Conservative,Labour
352587076589461505,2013-07-04 00:38:04,@yazzixxx the kitchen #imoriginal,0,0,0,0,Non-Aligned,Non-Aligned
350901106718670848,2013-06-29 08:58:37,@edmcklabour @soperify unlucky xD,0,0,0,0,Non-Aligned,Conservative
350034048359464961,2013-06-26 23:33:15,@ThomasBrown1995 you will only ever wear that again if you need discount at subway,0,0,0,0,Non-Aligned,Non-Aligned
347042987710230528,2013-06-18 17:27:50,Yes ! My life is complete ! #cokezone http://t.co/GKrRu6kOHW,0,0,1,0,LibDem,Conservative
344128314291675136,2013-06-10 16:25:58,Not having school is weird :S I now have no idea what I'm doing,0,0,0,0,Non-Aligned,LibDem
339128459018260480,2013-05-27 21:18:19,@yazzixxx #whatthefucksup ?,0,0,0,0,Non-Aligned,Non-Aligned
338944936210751488,2013-05-27 09:09:04,"Physics today, computing tommorrow, exams almost over ! :D #theendisnear",0,0,0,0,Non-Aligned,Non-Aligned
338068101369315329,2013-05-24 23:04:51,"@yazzixxx in order to conquer Latin, you must be Latvian.",0,0,0,0,LibDem,Non-Aligned
337934852135460864,2013-05-24 14:15:22,New socks :) #angrybirds http://t.co/fL8VTfTKbo,0,0,1,0,Labour,Labour
337876983629369344,2013-05-24 10:25:25,"Well... It is Scotland, so maybe not",0,0,0,0,SNP,SNP
337876852356034560,2013-05-24 10:24:53,"2 more exams to go :D not bad, not bad. Then summer begins !!",0,0,0,0,Labour,Conservative
337859039734145025,2013-05-24 09:14:06,@soperify best unguessable password half-life 3,0,0,0,0,Non-Aligned,LibDem
337857926247088131,2013-05-24 09:09:41,@soperify nice my new password is randomAsspasswordyouarenecergoingtoguesshahahaHa,0,0,0,0,Non-Aligned,Non-Aligned
337856936814985216,2013-05-24 09:05:45,@soperify use more characters ! 128 to be percice,0,0,0,0,Non-Aligned,Non-Aligned
337855993289523201,2013-05-24 09:02:00,@soperify Hdskud284j7bfjJbdoB is a good one,0,0,0,0,Non-Aligned,Non-Aligned
337609344923361280,2013-05-23 16:41:54,I have so many Facebook messages coming in right now and my phone can't reply to any Facebook message right now -.- #aarrrgh,0,0,0,0,SNP,UKIP
335870112731103234,2013-05-18 21:30:49,Watching the Sweden break filler on Eurovision... I think I'm on LSD,0,0,0,0,Labour,Labour
335858626021449728,2013-05-18 20:45:11,Alchohol is free the Greek entry in Eurovision might explain their economic situation :S,0,0,0,0,Non-Aligned,SNP
335828052451938304,2013-05-18 18:43:41,Who is John hurt !!! :O #docterwho,0,0,0,0,Non-Aligned,LibDem
334322349417562117,2013-05-14 15:00:34,@TJRLZ ah :p,0,0,0,0,Non-Aligned,Labour
334313042110210049,2013-05-14 14:23:35,@TJRLZ I'm pretty sure we can,0,0,0,0,SNP,Labour
334311236797874176,2013-05-14 14:16:24,@TJRLZ guess who got the q400 to work :3,0,0,0,0,Non-Aligned,Non-Aligned
334250613162528769,2013-05-14 10:15:30,@TJRLZ you are going to Blackpool ? O.o,0,0,0,0,Non-Aligned,Labour
333968609242136576,2013-05-13 15:34:55,@TJRLZ by flight 1 ?,0,0,0,0,Non-Aligned,Conservative
333963629101719554,2013-05-13 15:15:08,@TJRLZ ill look into it :),0,0,0,0,Non-Aligned,Conservative
333963011926671360,2013-05-13 15:12:41,"@TJRLZ stop going on about the q400 dude, I've told you about that",0,0,0,0,Green,Non-Aligned
333962634930044928,2013-05-13 15:11:11,@TJRLZ fs2013? Fsx with fs passengers ?,0,0,0,0,Non-Aligned,Labour
333960806486138880,2013-05-13 15:03:55,@TJRLZ kerbal ? Minecraft ?,0,0,0,0,Non-Aligned,Non-Aligned
333936496765718528,2013-05-13 13:27:19,@TJRLZ gw2 or a free one on steam,0,0,0,0,Non-Aligned,Non-Aligned
333931771999703040,2013-05-13 13:08:33,@TJRLZ someone is getting sacked xD,0,0,0,0,Non-Aligned,Non-Aligned
333884538008776704,2013-05-13 10:00:51,"@TJRLZ either or, you will stop soon",0,0,0,0,Non-Aligned,Non-Aligned
333883173115133953,2013-05-13 09:55:26,"@TJRLZ you will run out soon, and then you will be nothing",0,0,0,0,LibDem,UKIP
333882716590317569,2013-05-13 09:53:37,@TJRLZ #metro,0,0,0,0,Non-Aligned,Labour
333881071806586880,2013-05-13 09:47:05,"@TJRLZ nah, you know what, I'm alright",0,0,0,0,Non-Aligned,Green
333880435522301952,2013-05-13 09:44:33,"@TJRLZ waste of time, no one can play together either due to levels",0,0,0,0,Non-Aligned,Green
333879991462928384,2013-05-13 09:42:47,@TJRLZ Noooo !,0,0,0,0,Non-Aligned,Non-Aligned
333878694777090048,2013-05-13 09:37:38,@TJRLZ ... No !!,0,0,0,0,Non-Aligned,Non-Aligned
333878401440022528,2013-05-13 09:36:28,@TJRLZ did you get a bus in the end ?,0,0,0,0,LibDem,Labour
333877709384073216,2013-05-13 09:33:43,@TJRLZ don't you have work to do -.-,0,0,0,0,SNP,Non-Aligned
333876901573718016,2013-05-13 09:30:31,@TJRLZ -.- no !,0,0,0,0,Non-Aligned,Non-Aligned
333876296348217344,2013-05-13 09:28:06,"@TJRLZ no, you need a slap :P",0,0,0,0,Non-Aligned,Non-Aligned
333875721271390208,2013-05-13 09:25:49,@TJRLZ get your shit together !,0,0,0,0,Non-Aligned,Non-Aligned
332618322942242816,2013-05-09 22:09:22,"@TJRLZ I forgot your trip ended soon ! Sorry didn't message you today, changing mobile provider !",0,0,0,0,Non-Aligned,Non-Aligned
331901824955211776,2013-05-07 22:42:16,@TJRLZ little Italy ?,0,0,0,0,Non-Aligned,Non-Aligned
331872478194458624,2013-05-07 20:45:39,Also could saw you about ¬£100 buying airplay speakers :D #moneymoneymoney,0,0,0,0,Non-Aligned,Non-Aligned
331871968146120704,2013-05-07 20:43:38,Set up the raspberrypi as an iPod streaming device :) can steam any music to it across the house #notbad http://t.co/me3XYYUWBo,0,0,1,0,Non-Aligned,Non-Aligned
331055885369606147,2013-05-05 14:40:48,Been playing around with cryengine 3 .... Surprisingly good and quite easy to make things with #101project,0,0,0,0,Green,Non-Aligned
330014301500870656,2013-05-02 17:41:55,Cats eyes O.o http://t.co/SuObjXkBCU,0,0,1,0,Labour,Conservative
328965412316397569,2013-04-29 20:14:00,RT @DanNerdCubed: This is brilliant. http://t.co/mdhwPk0KYK,38,0,0,1,Labour,Labour
327541902549340160,2013-04-25 21:57:29,@yazzixxx no worries ;) don't say I'm not useful,0,0,0,0,LibDem,LibDem
327480722656985090,2013-04-25 17:54:23,"@yazzixxx Saw this, thought it looked usefull ;) http://t.co/eofPGpNfa2 via @khanacademy",0,0,0,1,LibDem,Conservative
325655423241842688,2013-04-20 17:01:17,@soperify does it anyway #yolo,0,0,0,0,Non-Aligned,Non-Aligned
325592866279800832,2013-04-20 12:52:43,@AshJLancaster oh no :O that will be why se wasn't hungry !,0,0,0,0,Non-Aligned,Non-Aligned
325587737103175680,2013-04-20 12:32:20,18 in 4 days :) whoop whoop,0,0,0,0,Non-Aligned,LibDem
325333006078341120,2013-04-19 19:40:07,@ThomasBrown1995 I thought that was just me ! O.o I almost cried without the Internet for 20min,0,0,0,0,Non-Aligned,Non-Aligned
324994954009116673,2013-04-18 21:16:49,RT @GamePlanLive: #GamePlanLive coming soon to Steam for desktop PC/Mac (+ hopefully Linux)!! Huge thanks to anyone that helped by voting o‚Ä¶,4,0,0,0,LibDem,SNP
324654475245674497,2013-04-17 22:43:53,@soperify @surreypolice good luck !,0,0,0,0,SNP,Conservative
323922433046376448,2013-04-15 22:15:00,RT @DanNerdCubed: #PrayForBoston? No. Actually do something. If you're in Boston help give blood. http://t.co/wtjliiIDX5 If not donate.  ...,797,0,0,1,LibDem,DUP
323466967740727296,2013-04-14 16:05:09,@AshJLancaster @emmaclark_xo it's been a while :O I've lost my touch !,0,0,0,0,Non-Aligned,Labour
323459644196528128,2013-04-14 15:36:03,@AshJLancaster @emmaclark_xo scarlet and white and ocher and peach ? #thosewerethedays,0,0,0,0,Non-Aligned,Non-Aligned
323456275474165760,2013-04-14 15:22:40,@emmaclark_xo @ashjlancaster you weird people O.o,0,1,0,0,Non-Aligned,Non-Aligned
322288395076374529,2013-04-11 10:01:55,@missamandab1995 ikr ! Dr who hasn't been the same :( I still watch it though ;),0,0,0,0,UKIP,LibDem
322114493150814208,2013-04-10 22:30:54,@ThomasBrown1995 Nicholas cage ghast man !,0,0,0,0,Non-Aligned,LibDem
322109353471647744,2013-04-10 22:10:29,@shaun_lil_spoon is that due to the lack of sleep as you watch them all at one sitting with the extra scenes,0,0,0,0,Non-Aligned,Non-Aligned
322108906249793537,2013-04-10 22:08:42,@missamandab1995 http://t.co/BqBTNrw2z5,0,0,1,0,Labour,Labour
321653501895790592,2013-04-09 15:59:05,Guns of Icarus Online‚ÄîAdventure Mode by Muse Games ‚Äî Kickstarter http://t.co/63pvJtUpD5 via @kickstarter,0,0,0,1,Non-Aligned,Non-Aligned
319469277491101696,2013-04-03 15:19:45,@ThomasBrown1995 http://t.co/AssQufnTmH,0,0,0,1,Labour,Labour
319230149533003777,2013-04-02 23:29:33,@emmaclark_xo Ellie Goulding? :),1,0,0,0,Non-Aligned,LibDem
315497284408315905,2013-03-23 16:16:28,@yazzixxx what !! Noo :O why ?,0,0,0,0,Green,Non-Aligned
312916484819152896,2013-03-16 13:21:18,Aberdeen in the rain :3 http://t.co/FZefiJizoU,0,0,1,0,SNP,SNP
312292133958713347,2013-03-14 20:00:21,The 101 Show - The 101 Show - Volume 2 - http://t.co/cDGZeE93EE #iTunes,0,0,0,1,Green,Labour
312285616073220096,2013-03-14 19:34:27,"Electronic Arts Inc.: Remove ""Always Online"" DRM from SimCity and future games. https://t.co/728YzDCRc7 via @change",0,0,0,1,SNP,Non-Aligned
311748333234438144,2013-03-13 07:59:29,RT @DanNerdCubed: Uh oh EA. You dun got ratted out. http://t.co/7A43vhujYt,80,0,0,1,Labour,Labour
311479130698944512,2013-03-12 14:09:46,@soperify you at home today ?,0,0,0,0,Conservative,Conservative
310686192788205568,2013-03-10 09:38:55,It's snowing ... -.- I thought we were done with all this !! #uksnow #winterwonderland,0,0,0,0,Labour,LibDem
310446400984977410,2013-03-09 17:46:04,@soperify coming home on motorway should be fun ;),0,0,0,0,SNP,Conservative
308939322034368512,2013-03-05 13:57:28,Got my copy of #arma3 #extatic,0,0,0,0,Non-Aligned,Non-Aligned
307934764059488256,2013-03-02 19:25:43,@familysimpson http://t.co/MdiJCK35CL,0,0,0,1,Labour,Labour
306748081469263873,2013-02-27 12:50:16,"@soperify ASCII 9 and ASCII 12, 2 very different things",0,0,0,0,Non-Aligned,Non-Aligned
303658661262286849,2013-02-19 00:14:01,@yazzixxx dominos... That's the answer to everything,0,0,0,0,Non-Aligned,Non-Aligned
303657803644563456,2013-02-19 00:10:36,@ZalaGW @dabsdotcom @sennheiser_uk you don't need a new headset -.-,0,0,0,0,Non-Aligned,Non-Aligned
303657189569069058,2013-02-19 00:08:10,RT @JeremyClarkson: I have been hacked by spammers. Luckily I have acquired a special set of skills over many years. I will find them. A ...,4801,0,0,0,LibDem,LibDem
303296031527927808,2013-02-18 00:13:03,@soperify #ARelationshipLastsLongerWhen it's with your right hand.,0,0,0,0,Non-Aligned,Non-Aligned
302082456977289217,2013-02-14 15:50:44,@soperify you on ts ?,0,0,0,0,Non-Aligned,Non-Aligned
301635899505135616,2013-02-13 10:16:17,@soperify unity could work no ?,0,0,0,0,Non-Aligned,Non-Aligned
301634233661808641,2013-02-13 10:09:40,@soperify hmmm metrorp standalone !!! It's a bit early I know xD,0,0,0,0,Non-Aligned,LibDem
301479063992823808,2013-02-12 23:53:04,@soperify cheeky,0,0,0,0,Non-Aligned,Non-Aligned
301279349338943488,2013-02-12 10:39:29,@soperify #kony2012,0,0,0,0,Non-Aligned,Non-Aligned
300941712166109184,2013-02-11 12:17:50,"@soperify this is becoming to mainstream now, David Beckham first, now the pope",0,0,0,0,Labour,Non-Aligned
299455592836251648,2013-02-07 09:52:31,"McDonald's breakfast menu, #yolo",0,0,0,0,Non-Aligned,Labour
298465987550904320,2013-02-04 16:20:11,@soperify you pretty fly for a white guy ?,0,0,0,0,Non-Aligned,Non-Aligned
298465101273522177,2013-02-04 16:16:40,RT @UKTesco: @thomasexual Do you even lift bro...,17819,0,0,0,Non-Aligned,Non-Aligned
295218459569164288,2013-01-26 17:15:40,#topgear starting tomorrow :) well revved... #badpuns,0,0,0,0,SNP,Labour
294846304016818177,2013-01-25 16:36:51,@soperify ;),0,0,0,0,Non-Aligned,Non-Aligned
293982609443287040,2013-01-23 07:24:50,@soperify global warming has never been so contrasting,0,0,0,0,SNP,Non-Aligned
293831353798111236,2013-01-22 21:23:48,RT @JeremyClarkson: @piersmorgan what a cunt,26904,0,0,0,Non-Aligned,Non-Aligned
293336574865862656,2013-01-21 12:37:44,@TJRLZ also keep ee on this time,0,0,0,0,Non-Aligned,LibDem
293336484960940032,2013-01-21 12:37:22,"@TJRLZ sugar please, 2 lumps",0,0,0,0,Non-Aligned,Conservative
293335626995097600,2013-01-21 12:33:58,"@TJRLZ true dat, tekkit lite?",0,0,0,0,Non-Aligned,Non-Aligned
292214890347761664,2013-01-18 10:20:33,@TJRLZ feels bad man,0,0,0,0,Non-Aligned,Labour
290753602639769600,2013-01-14 09:33:55,@KennethWatt at 8/10 we leave. #uksnowmap,0,0,0,0,Non-Aligned,Conservative
289496243246333953,2013-01-10 22:17:37,@yazzixxx üéÇ there you go,0,0,0,0,Non-Aligned,Non-Aligned
289400787866644482,2013-01-10 15:58:19,@soperify @tjrlz rental price ?,0,0,0,0,Non-Aligned,Non-Aligned
289395659881205760,2013-01-10 15:37:56,@soperify @tjrlz who they operable by ?,0,0,0,0,Non-Aligned,Non-Aligned
289343630034993152,2013-01-10 12:11:11,@soperify good stuff :),0,0,0,0,Non-Aligned,Conservative
288678005746831361,2013-01-08 16:06:14,@soperify @tjrlz bringing a whole new meaning to teaing off,0,0,0,0,Non-Aligned,Conservative
288677340492488704,2013-01-08 16:03:35,@TJRLZ @soperify ill referee,0,0,0,0,Non-Aligned,Conservative
288268376885850113,2013-01-07 12:58:31,@soperify hurry up xD,0,0,0,0,Non-Aligned,Non-Aligned
286491100552765441,2013-01-02 15:16:15,@soperify tell me how that one goes xD,0,0,0,0,Non-Aligned,Non-Aligned
286437900990676993,2013-01-02 11:44:52,@soperify @tjrlz we arnt doing this shit again #barbairianreminisance,0,0,0,0,Non-Aligned,Non-Aligned
286433695764709376,2013-01-02 11:28:09,"@TJRLZ @soperify domain/admin when logged in, then go to pages and edit home",0,0,0,0,Non-Aligned,UKIP
286433359779987456,2013-01-02 11:26:49,@soperify @tjrlz Ryan ill be posidon and we will live under the sea :) ok ?,0,0,0,0,Non-Aligned,Non-Aligned
286433179949207552,2013-01-02 11:26:06,@TJRLZ @soperify @edmcklabour @ryanchin_  put the ip on 101cms,0,0,0,0,LibDem,Non-Aligned
286431658989735936,2013-01-02 11:20:03,@TJRLZ @soperify @edmcklabour @ryanchin_  get back to work :3 mwhaha,0,0,0,0,Non-Aligned,Non-Aligned
286431142444425218,2013-01-02 11:18:00,@soperify sure thing ;),0,0,0,0,Non-Aligned,Labour
286428682602557440,2013-01-02 11:08:14,"@soperify I'm in, time you home ?",0,0,0,0,Non-Aligned,Non-Aligned
285905183756648449,2013-01-01 00:28:02,"RT @PigeonJon: LONDON IS ON FIRE!
FUCKING LONDON IS ON FIRE!
FUCKING LONDON IS ON FUCKING FIRE!

Oh. No. It's a Firework Show.
Made a Mi ...",310,0,0,0,Green,Green
284272928563027968,2012-12-27 12:22:02,"@soperify alright, I'm in",0,0,0,0,Non-Aligned,Labour
283535888489795585,2012-12-25 11:33:18,Merry Christmas everyone :3 ! Have a great day !!! #christmascheer,0,0,0,0,Labour,SNP
283154394369912833,2012-12-24 10:17:23,Grans birthday card :3 http://t.co/XKp0H0WQ,0,0,1,0,Labour,Labour
283147544241008640,2012-12-24 09:50:09,RT @TJRLZ: It's almost #christmas !!!!!!!!!!!!!!!!!,1,0,0,0,Non-Aligned,SNP
281750459503497217,2012-12-20 13:18:38,@soperify @tjrlz yes,0,0,0,0,LibDem,Labour
281724219102998528,2012-12-20 11:34:22,"@soperify @tjrlz yes, fixed it last night. Plan to have a lingo ace night tonight, you in ? #gamenight",0,0,0,0,SNP,SNP
281460583985987584,2012-12-19 18:06:48,LOVE MY NEW SLIPPERS :D http://t.co/gWlvZama,0,0,1,0,Non-Aligned,Conservative
281306876275220480,2012-12-19 07:56:00,@soperify https://t.co/1IbnJjbO,0,0,0,1,Non-Aligned,Non-Aligned
278893488228139008,2012-12-12 16:06:03,@TJRLZ and put the Star Wars books in history,0,0,0,0,Non-Aligned,Non-Aligned
278893270711562241,2012-12-12 16:05:11,@soperify @tjrlz @edmcklabour ...,0,0,0,0,Non-Aligned,Non-Aligned
278892545440874496,2012-12-12 16:02:19,@TJRLZ @soperify @edmcklabour god damn Jehovah's Witness,0,0,0,0,Non-Aligned,Non-Aligned
278892205052145664,2012-12-12 16:00:57,@TJRLZ @soperify @edmcklabour no...,0,0,0,0,Non-Aligned,Non-Aligned
278891464187060224,2012-12-12 15:58:01,@TJRLZ @soperify @edmcklabour no,0,0,0,0,Non-Aligned,Non-Aligned
278889962039029761,2012-12-12 15:52:03,"@soperify @tjrlz @edmcklabour good news, uo now works for me",0,0,0,0,Conservative,Conservative
278875085669019651,2012-12-12 14:52:56,@TJRLZ @soperify why were you thinking dedicated server ? That's a fuck tonne of money :O ?,0,0,0,0,Non-Aligned,Non-Aligned
278874942647455744,2012-12-12 14:52:22,"@TJRLZ damn straight, pretty shnazzy ;)",0,0,0,0,Non-Aligned,Non-Aligned
278874779904274433,2012-12-12 14:51:43,Settled with a pair of fingerless gloves :3,0,0,0,0,Non-Aligned,Non-Aligned
278874557497106432,2012-12-12 14:50:50,@soperify @tjrlz  I can also do that,0,0,0,0,LibDem,Non-Aligned
278872715761418242,2012-12-12 14:43:31,New hat for Christmas ? I don't think so xD http://t.co/xbeiSTb8,0,0,1,0,Labour,Conservative
278784032123256832,2012-12-12 08:51:07,@TJRLZ @soperify I thought it was great thanks for asking,0,0,0,0,Labour,Labour
277758832220991489,2012-12-09 12:57:20,Soo much homework for Monday :/,0,0,0,0,Non-Aligned,Non-Aligned
277757704334897152,2012-12-09 12:52:51,Check out the 12 Days of Christmas app and receive a new gift from iTunes every day from 26 December to 6 January. http://t.co/lkmfcXsK,0,0,0,1,Conservative,SNP
276965261016444929,2012-12-07 08:23:58,"@TJRLZ pls, staph!",0,0,0,0,Non-Aligned,LibDem
276964274411298818,2012-12-07 08:20:03,Going to be late ahh ! :/,0,0,0,0,Non-Aligned,Non-Aligned
275360954978553856,2012-12-02 22:09:02,Started doing remixes again :/ they sound a bit better than the last ones #improvement,0,0,0,0,Conservative,UKIP
275237030542311424,2012-12-02 13:56:36,"Pay what you want, help charity, and get 7 epic THQ games for Windows via Steam + awesome soundtracks! http://t.co/7AEOIoKo via @humble",0,0,0,1,Conservative,Conservative
275228364363673600,2012-12-02 13:22:10,Is it just me or every year does Christmas stuff just seem to come earlier and earlier ?,1,0,0,0,Green,Conservative
275222438017634305,2012-12-02 12:58:37,@TJRLZ national assessment bank :L basically a test :L,0,0,0,0,Non-Aligned,LibDem
275220336356782080,2012-12-02 12:50:16,Physics nab tomorrow :S ahhrg !!,0,0,0,0,Non-Aligned,Non-Aligned
271375136341491712,2012-11-21 22:10:49,@missamandab1995 @youtube you seem to be having one of those random YouTube sessions xD,0,0,0,0,Green,Green
269112701832273921,2012-11-15 16:20:42,"@TJRLZ it's you that ""sucks""",0,0,0,0,Non-Aligned,Non-Aligned
269111224036368384,2012-11-15 16:14:50,@TJRLZ :(,0,0,0,0,Non-Aligned,Non-Aligned
269110967932157952,2012-11-15 16:13:49,@TJRLZ I am your guide !,0,0,0,0,Non-Aligned,Non-Aligned
269104218110058496,2012-11-15 15:46:59,@TJRLZ @101stdivision challenge accepted,0,0,0,0,Non-Aligned,Non-Aligned
268795101273284610,2012-11-14 19:18:40,@mecottrell 14billion years,0,0,0,0,Labour,Non-Aligned
268710487447965696,2012-11-14 13:42:27,@TJRLZ subway has low fat though !,0,0,0,0,Non-Aligned,Non-Aligned
268298470778093569,2012-11-13 10:25:14,@TJRLZ @soperify shiiiit,0,0,0,0,Non-Aligned,Non-Aligned
268260377559711745,2012-11-13 07:53:52,"RT @techhub24: We're sorry to announce that as of today, the 13th of November 2012. http://t.co/18JYtmAv has closed, due to lack of grow ...",2,0,0,1,Labour,SNP
268018646557798400,2012-11-12 15:53:19,"4pm in Aberdeen, basically nighttime :L #night",0,0,0,0,SNP,SNP
267979952727666689,2012-11-12 13:19:34,@TJRLZ the kerbins have been feeding you lies !,0,0,0,0,Non-Aligned,Non-Aligned
267962380523290624,2012-11-12 12:09:44,@TJRLZ 14billion actually :L,0,0,0,0,Non-Aligned,Non-Aligned
267956363039211520,2012-11-12 11:45:49,"Calculated the age of universe, pretty cool :L",0,0,0,0,Non-Aligned,Non-Aligned
267931812892925952,2012-11-12 10:08:16,@TJRLZ so did you but you stopped playing swtor !,0,0,0,0,Non-Aligned,Non-Aligned
267930660319137792,2012-11-12 10:03:41,"@TJRLZ sorry, now that's not going to happen",0,0,0,0,LibDem,LibDem
267926477876645889,2012-11-12 09:47:04,@TJRLZ not all in one night !! XD I meant that I would do it over a couple of nights,0,0,0,0,SNP,LibDem
267917301859377153,2012-11-12 09:10:37,@TJRLZ will do :) just need to get some episodes downloaded and then I'll watch it in one night :3,0,0,0,0,Green,Labour
267916558729367553,2012-11-12 09:07:39,@TJRLZ get back to work !,0,0,0,0,Non-Aligned,Non-Aligned
266929609176645632,2012-11-09 15:45:52,@TJRLZ @soperify I declare a veto on openttd :3,0,0,0,0,LibDem,LibDem
266921911156617216,2012-11-09 15:15:17,@TJRLZ I won't be playing it :L,0,0,0,0,Non-Aligned,Non-Aligned
266848084238159872,2012-11-09 10:21:55,@TJRLZ @ryanchin_ @soperify @edmcklabour I decline ;),0,0,0,0,Non-Aligned,Non-Aligned
266847601696067584,2012-11-09 10:20:00,@TJRLZ @ryanchin_ @soperify @edmcklabour ill pass :L,0,0,0,0,Non-Aligned,Conservative
264726026859446273,2012-11-03 13:49:37,That time you miss someone but you just don't know what to say :/,0,0,0,0,LibDem,LibDem
263370640621445120,2012-10-30 20:03:48,RT @Charles_HRH: President Obama on the phone. #Sandy has been downgraded from a hurricane to a summer in Scotland.,1283,0,0,0,SNP,SNP
262950961557929985,2012-10-29 16:16:09,Goin back to school after holiday is always a massive drag :/,0,0,0,0,Non-Aligned,Non-Aligned
261214247269322752,2012-10-24 21:15:04,"@ThomasBrown1995 I'm not buff enough for bane, joker or goblin ?",0,0,0,0,Green,Non-Aligned
261195614665199617,2012-10-24 20:01:01,@ThomasBrown1995 joker ?,0,0,0,0,Non-Aligned,Non-Aligned
261193190894350338,2012-10-24 19:51:24,@ThomasBrown1995 ill go as robin ;),0,0,0,0,Non-Aligned,Labour
260867768365219840,2012-10-23 22:18:17,@ThomasBrown1995 sounds fairly successful :),0,0,0,0,Non-Aligned,Non-Aligned
260842495263526913,2012-10-23 20:37:51,Many hours were wasted today.... bouncing cats... http://t.co/Z0Rhe7A8,0,0,0,1,Conservative,Labour
260312550091149312,2012-10-22 09:32:02,@GamePlanLive have done ! Good luck !,0,0,0,0,SNP,SNP
260312209203294208,2012-10-22 09:30:41,"Think ill hit the town, nothing better to do #bored",0,0,0,0,LibDem,Labour
260304660420763648,2012-10-22 09:00:42,"@soperify just remembered, took a photo of my watch last night when we were talking about it http://t.co/pplVxbex",0,0,1,0,Green,Conservative
260297974696005633,2012-10-22 08:34:07,@ThomasBrown1995 nobody... Wait that joke went stale weeks ago,0,0,0,0,Non-Aligned,Non-Aligned
260297385878642688,2012-10-22 08:31:47,@soperify not much has changed ;),0,0,0,0,Non-Aligned,Labour
259781640526635011,2012-10-20 22:22:24,@soperify cheers Ryan.....,0,0,0,0,Non-Aligned,SNP
259781531021750273,2012-10-20 22:21:58,"@ThomasBrown1995 -.- go back, it was better without you",0,0,0,0,Non-Aligned,Non-Aligned
259268900481536001,2012-10-19 12:24:57,Bored out of my mind -.- everyone is away on holiday now #depressingtweets,0,0,0,0,Non-Aligned,Non-Aligned
255338392928260098,2012-10-08 16:06:31,@Just_RP congratulations on finding the password ;),0,0,0,0,Green,LibDem
248046488901517312,2012-09-18 13:11:06,The moment when people you used to call friends don't seem all to friendly anymore .,0,0,0,0,Labour,Non-Aligned
247710168429776896,2012-09-17 14:54:41,When do we have to do our dofe presentation ? @missamandab1995 @ThomasBrown1995,0,0,0,0,LibDem,Conservative
247709126220718080,2012-09-17 14:50:32,All the bus numbers now are different ... Ffs !! #confused,0,0,0,0,Non-Aligned,Labour
244726922733576193,2012-09-09 09:20:19,@missamandab1995 @ThomasBrown1995 http://t.co/xwlW5zPh,0,0,0,1,Labour,Labour
243303357685579777,2012-09-05 11:03:35,"Missed the train, cheers @missamandab1995",0,0,0,0,Non-Aligned,SNP
242705590844010496,2012-09-03 19:28:16,@ThomasBrown1995 I challenge you ! Come fight be bro !,0,0,0,0,Non-Aligned,Non-Aligned
242216391183302656,2012-09-02 11:04:22,Getting food for dofe today :) are we still doing group meals ? @missamandab1995 @ThomasBrown1995,0,0,0,0,Non-Aligned,Non-Aligned
240898045334679553,2012-08-29 19:45:44,Watching the paralympic opening ceremony... What is going on ?,0,0,0,0,Green,Conservative
240558451321884672,2012-08-28 21:16:18,@ThomasBrown1995 some people say they didn't see it coming,0,0,0,0,SNP,Non-Aligned
239988594922647553,2012-08-27 07:31:54,"@ThomasBrown1995 takes your phone and puts out a tweet, our Gona have a bad time.",0,0,0,0,Labour,Conservative
239988458221875200,2012-08-27 07:31:21,I'm a fucking retard #lol,0,0,0,0,Non-Aligned,Non-Aligned
239988245474193408,2012-08-27 07:30:31,"Proud that i stitched on my bands on my blazer, comes into school, realises I stitched them on too far up. #fuck",0,0,0,0,LibDem,Non-Aligned
239363649167298561,2012-08-25 14:08:36,"Aberdeen, wet and miserable as always :L http://t.co/ojWhlOuy",0,0,1,0,SNP,SNP
238995548504473602,2012-08-24 13:45:53,School still e my timetable wrong :( arghh !,0,0,0,0,Non-Aligned,Labour
238744131298529280,2012-08-23 21:06:51,"@missamandab1995 @thomasbrown1995 for me to know, and you to worry about ;)",0,0,0,0,Non-Aligned,Labour
238544162998321152,2012-08-23 07:52:15,"@missamandab1995 @thomasbrown1995 no 23 I took a sneaky photo of you yesterday, jks :L",0,0,0,0,Non-Aligned,UKIP
238314080425881600,2012-08-22 16:37:59,New favourite song :D http://t.co/hlmh6Qx7,0,0,0,1,Non-Aligned,Labour
238228388077260801,2012-08-22 10:57:28,@missamandab1995 welcome back to twitter :P,0,0,0,0,Conservative,LibDem
237664430631055360,2012-08-20 21:36:30,@ThomasBrown1995 turn it off and on again,0,0,0,0,LibDem,Non-Aligned
236976216933036032,2012-08-19 00:01:47,#edintattoo was amazing !!,0,0,0,0,Non-Aligned,Non-Aligned
236729107331813376,2012-08-18 07:39:52,Off to Edinburgh today with @mecottrell to see the @EdinburghTattoo. Looking forward to it :D ! #Exited,0,0,0,0,SNP,SNP
234406756527247364,2012-08-11 21:51:40,"@AshJLancaster @tomdaley1994 back off, he's mine",0,0,0,0,Non-Aligned,Non-Aligned
233558115738587136,2012-08-09 13:39:28,@AshJLancaster was this the result of making a sandwich ?,0,0,0,0,Labour,Conservative
233557467601190912,2012-08-09 13:36:54,RT @ProSyndicate: I feel so awake :) I love setting no alarm!,39,0,0,0,Non-Aligned,Non-Aligned
232830328509706240,2012-08-07 13:27:30,@AshJLancaster I know ! :'(,0,0,0,0,Non-Aligned,Non-Aligned
232817021400780800,2012-08-07 12:34:38,@AshJLancaster when it opens we need to go there with the other stagecoachers :),0,0,0,0,Green,Green
232791486251544576,2012-08-07 10:53:10,"@AshJLancaster you don't want to know -.- xD 1A, 1C, 2D, 1F",0,0,0,0,Non-Aligned,Non-Aligned
232790550720421888,2012-08-07 10:49:26,@ThomasBrown1995 you will be giving prostate examinations to horses in no time !,0,0,0,0,Non-Aligned,Non-Aligned
232790302593789953,2012-08-07 10:48:27,"@AshJLancaster oh hey der, I got some mail for you girl, get in my post van.",0,0,0,0,Non-Aligned,Non-Aligned
232789269184385024,2012-08-07 10:44:21,@ThomasBrown1995 well done mate :),0,0,0,0,Labour,Conservative
232610191697383426,2012-08-06 22:52:46,@AshJLancaster it's been stuck like this for an hour or so :'( http://t.co/hcuYWEDx,0,0,1,0,Labour,Labour
232609582957092865,2012-08-06 22:50:20,@AshJLancaster my iMessage isn't working I promise :'(,0,0,0,0,Non-Aligned,Labour
232608528035090432,2012-08-06 22:46:09,@AshJLancaster nope ;),0,0,0,0,Non-Aligned,Non-Aligned
231464359438716929,2012-08-03 18:59:38,Welcome back to Aberdeen :),0,0,0,0,SNP,SNP
231265554701365248,2012-08-03 05:49:39,On my war home today :),0,0,0,0,Non-Aligned,Conservative
228788056734457856,2012-07-27 09:44:58,Hello from Mykonos http://t.co/wtjHk78I,0,1,1,0,Labour,Labour
226952311614869505,2012-07-22 08:10:23,Breakfast in Barcelona :3 http://t.co/QT2qmF9T,0,0,1,0,Labour,SNP
226948023559798785,2012-07-22 07:53:19,"@AshJLancaster indeed, soon you will be drinking it by the barrel like I do !",0,0,0,0,Non-Aligned,UKIP
226947782106288128,2012-07-22 07:52:22,"@AshJLancaster @ellybuzybee @ailsa_96 I get Internet, sometimes :S like now.",0,0,0,0,Non-Aligned,Non-Aligned
226629583355641856,2012-07-21 10:47:57,Bonjour :3 in Paris airport enjoying the weather,0,0,0,0,Non-Aligned,SNP
226376931799613440,2012-07-20 18:04:01,On the road ! Almost at Edinburgh :D,0,0,0,0,SNP,SNP
226062639330103297,2012-07-19 21:15:07,@AshJLancaster it's k xD !,0,0,0,0,Non-Aligned,Non-Aligned
226061663248449536,2012-07-19 21:11:15,@AshJLancaster bye ;(,0,0,0,0,Non-Aligned,Non-Aligned
225903406819201024,2012-07-19 10:42:23,@AshJLancaster good luck getting a ticket ! xD,0,0,0,0,SNP,SNP
225604342160441344,2012-07-18 14:54:01,I'm working on graphical design for an #eBay template website named : http://t.co/cSLUI01x ;),0,0,0,1,Labour,Conservative
225319350050095104,2012-07-17 20:01:33,@ThomasBrown1995 i tend to disagree,0,0,0,0,Non-Aligned,Non-Aligned
224612378380222464,2012-07-15 21:12:18,@ThomasBrown1995 if people like you would stop saying that word we could rid it from our vocabulary !,0,0,0,0,Labour,UKIP
224531952554872832,2012-07-15 15:52:43,Thunder and lightning o.O,0,0,0,0,Non-Aligned,Non-Aligned
224523771715928064,2012-07-15 15:20:13,@AshJLancaster @ellybuzybee yelp :s,0,0,0,0,Non-Aligned,Non-Aligned
221902078438678528,2012-07-08 09:42:33,I fear I may have an addiction :S http://t.co/ZQ54haXc,0,0,1,0,Labour,Conservative
221549704218017792,2012-07-07 10:22:20,@AshJLancaster this creepy girl named Ashleigh confessed her love for me and I'm scared !! :'(,0,0,0,0,Non-Aligned,Non-Aligned
221549003605671936,2012-07-07 10:19:33,@AshJLancaster I NEED AN ADULT !:O,0,0,0,0,Labour,Labour
221537040452427776,2012-07-07 09:32:01,@AshJLancaster who do you love o.O?,0,0,0,0,Non-Aligned,Non-Aligned
221354804428021761,2012-07-06 21:27:52,@TJRLZ what about Ryan ! :'(,0,0,0,0,Non-Aligned,Non-Aligned
220965209928503297,2012-07-05 19:39:46,@ellybuzybee http://t.co/VmWijsxN,0,0,0,1,Labour,Labour
220470655009828865,2012-07-04 10:54:34,@TJRLZ @soperify seems legit,0,0,0,0,Non-Aligned,Non-Aligned
220468970363420674,2012-07-04 10:47:53,Suits up ! http://t.co/wo8DX7R9,0,0,1,0,Green,SNP
220468524475355136,2012-07-04 10:46:07,"@soperify that's nothing, im doing about 21K a day",0,0,0,0,Green,Non-Aligned
219360663221444609,2012-07-01 09:23:52,@edmcklabour you've been working on allot of things latly though :L,0,0,0,0,Non-Aligned,LibDem
218838412004835328,2012-06-29 22:48:37,@AshJLancaster @ellybuzybee BACON !!!!,0,0,0,0,Non-Aligned,Non-Aligned
216277335723352064,2012-06-22 21:11:49,@ellybuzybee lol...xD what the hell,0,0,0,0,Non-Aligned,Non-Aligned
213889446460928000,2012-06-16 07:03:12,@ThomasBrown1995 I'm hopeing that we dont have to hike today :S,0,0,0,0,Labour,SNP
213777925546315776,2012-06-15 23:40:03,@ellybuzybee @ashjlancaster but I've never had the self confidence to have surgery to remove my humps :(,0,0,0,0,SNP,Conservative
213777893443125248,2012-06-15 23:39:56,"@ellybuzybee @ashjlancaster I have a confession, I've always wanted to be a lamma,",0,0,0,0,Non-Aligned,Labour
213776228073734144,2012-06-15 23:33:19,@ellybuzybee @ashjlancaster and sometimes they say things they don't necessarily mean...,0,0,0,0,Non-Aligned,Non-Aligned
213776173342265344,2012-06-15 23:33:06,"@ellybuzybee @ashjlancaster sometimes camels get stressed out from doing camel things, like spitting on people and walking on sand,",0,0,0,0,Green,Non-Aligned
213775146161405952,2012-06-15 23:29:01,@AshJLancaster well... I can explain,0,0,0,0,SNP,Labour
213763714673950720,2012-06-15 22:43:35,@ellybuzybee @ashjlancaster it smells more like a sweet Brie than a Wensleydale if I'm honest :/,0,0,0,0,Non-Aligned,Non-Aligned
213759896687083524,2012-06-15 22:28:25,"@ellybuzybee @ashjlancaster it's k, your a star so your invincible, so keep fighting :D #cheesy",0,0,0,0,Non-Aligned,Non-Aligned
213759601181597696,2012-06-15 22:27:15,@AshJLancaster @ellybuzybee :s awkys,0,0,0,0,Non-Aligned,Non-Aligned
213758771569246209,2012-06-15 22:23:57,@ellybuzybee @ashjlancaster I got a mushroom ! Its really big now !!,0,0,0,0,Non-Aligned,Non-Aligned
213758333537107968,2012-06-15 22:22:12,@Liam2404 @ellybuzybee @ashjlancaster too far :(,0,0,0,0,Non-Aligned,LibDem
213757943051583489,2012-06-15 22:20:39,@ellybuzybee @ashjlancaster *fap**fap**fap* LUIGI!,0,0,0,0,Non-Aligned,Non-Aligned
213757617049305088,2012-06-15 22:19:21,@ellybuzybee ...........................................................................................................................fuck,0,0,0,0,Non-Aligned,Non-Aligned
213755460581462016,2012-06-15 22:10:47,@ellybuzybee @ashjlancaster it will be very premature :S I was never able to last more than a few seconds :'(,0,0,0,0,Conservative,Conservative
213754794349830145,2012-06-15 22:08:09,@ellybuzybee @ashjlancaster ... I wil look like such a tool if I'm wrong #facepalm,0,0,0,0,Non-Aligned,LibDem
213753996651937792,2012-06-15 22:04:58,@AshJLancaster @ellybuzybee #nerdgasum,0,0,0,0,Non-Aligned,Non-Aligned
213753939269660672,2012-06-15 22:04:45,"@AshJLancaster @ellybuzybee it won't, its a 2nd gen and the last software update was ios3.x which is not what is required which is ios4.x",0,0,0,0,Conservative,Non-Aligned
213753286510129152,2012-06-15 22:02:09,@ellybuzybee @ashjlancaster your fucked,0,0,0,0,Non-Aligned,Non-Aligned
213753226611269632,2012-06-15 22:01:55,@ellybuzybee xD we are doing this!,0,0,0,0,Labour,Non-Aligned
213753001511370753,2012-06-15 22:01:01,@AshJLancaster @pennyiskigh :D chocolates are the best way to a womans heart though :O,0,0,0,0,LibDem,Non-Aligned
213752759416143876,2012-06-15 22:00:03,@ellybuzybee omg! What a fab idea ! Then you could straighten my hair and we can apply mascara and hit the town ;),0,0,0,0,Non-Aligned,Non-Aligned
213744835444740096,2012-06-15 21:28:34,@AshJLancaster sure ;),0,0,0,0,Non-Aligned,Labour
213744782651035648,2012-06-15 21:28:22,@AshJLancaster D'awh :D #friends,0,0,0,0,Non-Aligned,Non-Aligned
213744332983894016,2012-06-15 21:26:34,@ellybuzybee I feel your pain :(,0,0,0,0,Non-Aligned,Non-Aligned
213744156080742400,2012-06-15 21:25:52,@AshJLancaster I remember I bribed the stagecoach girls to be my friends with a bar of milka every week :3,0,0,0,0,Conservative,Non-Aligned
213743056917233664,2012-06-15 21:21:30,@ThomasBrown1995 ready to go :) wear your hoodie tomorrow !,0,0,0,0,Non-Aligned,Non-Aligned
213610761807859712,2012-06-15 12:35:48,Im finished my work.... But I don't know if I can leave :O what should I do !?,0,0,0,0,UKIP,Non-Aligned
213598401454026753,2012-06-15 11:46:42,@TJRLZ @liamglow @beeptreat @glowcreative do it ! xD,0,0,0,0,Non-Aligned,Non-Aligned
213597716075393024,2012-06-15 11:43:58,@TJRLZ @edmcklabour @soperify and why did you want to play it yesterday again ?,0,0,0,0,Non-Aligned,Conservative
213386346763526144,2012-06-14 21:44:04,@ProSyndicate @kaitlinwitcher hello,0,0,0,0,Non-Aligned,Non-Aligned
213233327094771712,2012-06-14 11:36:02,I'm now a professional hot chocolate engineer :D #goalinlife http://t.co/SZ4UF326,0,0,1,0,Non-Aligned,Non-Aligned
213232910571024384,2012-06-14 11:34:23,"Meeting happening next to me, looks important http://t.co/4fMNR8ET",0,0,1,0,Green,Conservative
213208490632683520,2012-06-14 09:57:20,@AshJLancaster @jemmabeann @ellybuzybee I'm going to Sutherland in a van :(,0,0,0,0,Non-Aligned,Non-Aligned
213158598631624705,2012-06-14 06:39:04,@jemmabeann @ellybuzybee @AshJLancaster I'm sorry Jemma. I won't be there to see you go this Saturday :'(,0,0,0,0,LibDem,LibDem
212974149746958336,2012-06-13 18:26:08,How it works :: GamePlan :: live online gaming strategy tool http://t.co/DHO6den0 via @GamePlanLive,0,0,0,1,Green,Conservative
212855814963200000,2012-06-13 10:35:55,@soperify fair doos,0,0,0,0,LibDem,Non-Aligned
212806327599247360,2012-06-13 07:19:16,"In the office early today, hope I get home on time today :/",0,0,0,0,Labour,Conservative
212805224967061504,2012-06-13 07:14:54,@soperify good luck getting that xD,0,0,0,0,SNP,SNP
212799467634696192,2012-06-13 06:52:01,@ellybuzybee psst* what do you actually do at rock challenge ? :S*,0,0,0,0,LibDem,LibDem
212798365254164480,2012-06-13 06:47:38,@soperify Niro would be really cool :),0,0,0,0,Non-Aligned,Non-Aligned
212444351245205504,2012-06-12 07:20:55,RT @UberFacts: Chainsaws were derived from a tool originally intended to help deliver babies.,1435,0,0,0,Non-Aligned,Non-Aligned
212444291556065280,2012-06-12 07:20:40,"RT @UberFacts: There's a small town in North Carolina called ""Bat Cave.""",890,0,0,0,Green,Labour
212311761938939906,2012-06-11 22:34:03,"@AshJLancaster @ellybuzybee are you capable of making a mcflurry, or is that too much to ask ?",0,0,0,0,Green,Non-Aligned
212213175590989825,2012-06-11 16:02:18,@AshJLancaster why ?,0,0,0,0,Non-Aligned,Non-Aligned
212201517921480704,2012-06-11 15:15:59,@AshJLancaster I'm serious -.-,0,0,0,0,Non-Aligned,Non-Aligned
212195803031281666,2012-06-11 14:53:16,Work finished today. Very productive with 4 cups of tea and 5 hot chocolates. Not to mention 18 pages of notes :/,0,0,0,0,Conservative,Conservative
212193778444926976,2012-06-11 14:45:13,@soperify work experience :L,0,0,0,0,SNP,Non-Aligned
212116530979278850,2012-06-11 09:38:16,@soperify need to get myself one of those. I'm in an office right now aswell :D,0,0,0,0,LibDem,SNP
211956603610599424,2012-06-10 23:02:46,@AshJLancaster wow... XD,0,0,0,0,Non-Aligned,Non-Aligned
211955369025617921,2012-06-10 22:57:52,200 tweets :O it took me a bloody while. #200tweets,0,0,0,0,Non-Aligned,LibDem
211955077055905793,2012-06-10 22:56:42,@AshJLancaster they tend to bump and grind,0,0,0,0,SNP,Non-Aligned
211954166917107714,2012-06-10 22:53:05,"@ellybuzybee indeed, I now have to wear a wig that resembles something like sonic the hedgehog.",0,0,0,0,Non-Aligned,DUP
211953765631275009,2012-06-10 22:51:30,Having witty banter on twitter ;) Good show.,0,0,0,0,LibDem,Non-Aligned
211953495228678144,2012-06-10 22:50:25,"@ellybuzybee @ashjlancaster is it a bird, is it a plane, no but look at dat big ass!",0,0,0,0,Non-Aligned,Non-Aligned
211952622427578368,2012-06-10 22:46:57,"@ellybuzybee I have lost my hair o.o, I thought you would appreciate me telling you this.",0,0,0,0,Non-Aligned,Non-Aligned
211952328461389825,2012-06-10 22:45:47,@AshJLancaster @ellybuzybee ;),0,0,0,0,Non-Aligned,Non-Aligned
211952311575117824,2012-06-10 22:45:43,"@AshJLancaster @ellybuzybee Ellen though, you are fat, I'm surprised that you fit though your front door. Aberdeens very own beached whale.",0,0,0,0,Non-Aligned,Non-Aligned
211952113071292418,2012-06-10 22:44:56,"@AshJLancaster @ellybuzybee Ashleigh, you do what you want to do. :) if you want to work out that's fine.",0,0,0,0,SNP,Non-Aligned
211950929761673217,2012-06-10 22:40:14,@ellybuzybee @ashjlancaster i am that guy :),0,0,0,0,Non-Aligned,Non-Aligned
211950044155355136,2012-06-10 22:36:43,@Liam2404 @ellybuzybee @ashjlancaster work experience Ashleigh ;),0,0,0,0,SNP,Non-Aligned
211949919358033920,2012-06-10 22:36:13,"@ellybuzybee @ashjlancaster they do now ! , for a week while I'm there I'm working as a one man show O.o",0,0,0,0,LibDem,Non-Aligned
211949390506622978,2012-06-10 22:34:07,@AshJLancaster @ellybuzybee weaklings *smerks and flexes his non exsistant muscles *,0,0,0,0,Non-Aligned,Non-Aligned
211949120963883008,2012-06-10 22:33:02,@ellybuzybee @ashjlancaster shell IT support -.-,0,0,0,0,Green,Green
211948899936641024,2012-06-10 22:32:10,Catching up on all the tweets @AshJLancaster @ellybuzybee @jemmabeann I hate you all :D,0,0,0,0,Non-Aligned,Non-Aligned
211948299912097792,2012-06-10 22:29:47,"@ellybuzybee @ashjlancaster I'm ""going to work"" at 7:15 till 4:30 -.-",0,0,0,0,SNP,Non-Aligned
211948019216691201,2012-06-10 22:28:40,@jemmabeann *bang*,0,0,0,0,Non-Aligned,Green
211947708976603137,2012-06-10 22:27:26,@AshJLancaster but it's so much easier !,0,0,0,0,Non-Aligned,Non-Aligned
211947006296461312,2012-06-10 22:24:38,@AshJLancaster @djtdon @pennyiskigh @ellybuzybee :'(,0,0,0,0,Non-Aligned,Non-Aligned
211744065115537409,2012-06-10 08:58:13,@AshJLancaster @shaun_lil_spoon xD my hand is still green :'(,0,0,0,0,Non-Aligned,Green
211473124145897472,2012-06-09 15:01:37,@AshJLancaster there you go:P http://t.co/rwtgVhYD,0,0,1,0,LibDem,Labour
211232351680868353,2012-06-08 23:04:51,@ThomasBrown1995 I said oh lord Jesus its a fire!,0,0,0,0,LibDem,Non-Aligned
210839992719769600,2012-06-07 21:05:46,@ThomasBrown1995 he dropped the soap,0,0,0,0,Non-Aligned,LibDem
210685156699291648,2012-06-07 10:50:30,In English doing fuck all :D,0,0,0,0,Non-Aligned,Non-Aligned
210634533920456704,2012-06-07 07:29:20,@soperify @tjrlz yeh he is :P,0,0,0,0,Non-Aligned,Non-Aligned
210263783686414336,2012-06-06 06:56:07,@ThomasBrown1995 :'(,0,0,0,0,Non-Aligned,Non-Aligned
210101789633150976,2012-06-05 20:12:24,"@ellybuzybee lol xD he has a secret obsession for Justin Beiber, hes just trying to cover it up O-o",0,0,0,0,Non-Aligned,Non-Aligned
209968810487324673,2012-06-05 11:24:00,@ThomasBrown1995 @Kirza94 ...,0,0,0,0,Non-Aligned,Non-Aligned
209952027948752896,2012-06-05 10:17:19,Oh Herro there ;) http://t.co/4vLkSbJZ,0,0,1,0,LibDem,Labour
209952000660602882,2012-06-05 10:17:13,Silly hat is silly :L http://t.co/b761oLjK,0,0,1,0,Labour,Conservative
209949748701044736,2012-06-05 10:08:15,Getting kit for Sutherland :) Dis Gona be good @ThomasBrown1995,0,0,0,0,Non-Aligned,Non-Aligned
209753593912377344,2012-06-04 21:08:48,@ThomasBrown1995 :'(,0,0,0,0,Non-Aligned,Non-Aligned
209729015785865216,2012-06-04 19:31:08,Happy birthday my queen .... What the hell is the woman on o_o,0,0,0,0,Non-Aligned,Non-Aligned
209214302350098432,2012-06-03 09:25:51,"RT @UberFacts: At one point, the British equivalent of ""That's what she said"" was ""Said the actress to the bishop.""",1689,0,0,0,SNP,SNP
209069123655831552,2012-06-02 23:48:58,@AshJLancaster who's that then O_o,0,0,0,0,Non-Aligned,Non-Aligned
209055822658019329,2012-06-02 22:56:06,@AshJLancaster xD shup,0,0,0,0,Non-Aligned,Non-Aligned
209050990794641408,2012-06-02 22:36:54,@AshJLancaster no :(,0,0,0,0,Non-Aligned,Non-Aligned
209010773018673153,2012-06-02 19:57:06,@soperify yes,0,0,0,0,LibDem,Labour
208970140862259200,2012-06-02 17:15:38,@AshJLancaster oh hi :3,0,0,0,0,LibDem,LibDem
208934598049144832,2012-06-02 14:54:24,RT @pennyisKIGH: Going to Nando's for the first time with @jemmabeann @AshJLancaster and @Liam2404 :),1,0,0,0,Non-Aligned,SNP
208593073750548480,2012-06-01 16:17:18,@AshJLancaster sure :D,0,0,0,0,Non-Aligned,Labour
208592679523713025,2012-06-01 16:15:44,@AshJLancaster I put a timer on and ran and did a dive at the camera... This was the result,0,0,0,0,Labour,Conservative
208591483232731138,2012-06-01 16:10:59,@AshJLancaster I know xD,0,0,0,0,Non-Aligned,Non-Aligned
208580495016071168,2012-06-01 15:27:20,Today was a good day with the lads at the beach :D @ThomasBrown1995 http://t.co/otTY6L9x,0,0,1,0,Labour,Conservative
208491570897485824,2012-06-01 09:33:58,@ThomasBrown1995 oh noes!,0,0,0,0,LibDem,Non-Aligned
208483632631918592,2012-06-01 09:02:26,@ThomasBrown1995 lol xD ok,0,0,0,0,Green,Non-Aligned
208294819934633984,2012-05-31 20:32:09,@ThomasBrown1995 beast,0,0,0,0,Non-Aligned,Non-Aligned
208294654582595584,2012-05-31 20:31:30,@ellybuzybee computing nerd at heart :3,0,0,0,0,Non-Aligned,Non-Aligned
208287649050525696,2012-05-31 20:03:39,@ellybuzybee yeh it's either that of your powersuply,0,0,0,0,Non-Aligned,Non-Aligned
208273085810479106,2012-05-31 19:05:47,"@ellybuzybee nerd over here, how an I help :3",0,0,0,0,Labour,Non-Aligned
208272700156813312,2012-05-31 19:04:15,@ThomasBrown1995 you,0,0,0,0,Non-Aligned,Non-Aligned
208256156395778049,2012-05-31 17:58:31,@ThomasBrown1995 let me rustle them up for you,0,0,0,0,Non-Aligned,Non-Aligned
208247466947121152,2012-05-31 17:23:59,@ThomasBrown1995 sorry :P,0,0,0,0,Non-Aligned,LibDem
207961969326686209,2012-05-30 22:29:31,@AshJLancaster D'awh :(,0,0,0,0,Non-Aligned,Non-Aligned
207961646499495937,2012-05-30 22:28:14,@ThomasBrown1995 http://t.co/UWNldvEx,0,0,0,1,Labour,Labour
207961006394195968,2012-05-30 22:25:42,"@AshJLancaster"" Unfortunately, I have too much pleasure from Google Translate: ')"" indeed :3",0,0,0,0,LibDem,LibDem
207960286387372032,2012-05-30 22:22:50,@ThomasBrown1995 ill invite you now,0,0,0,0,Non-Aligned,Conservative
207959921285808129,2012-05-30 22:21:23,@ThomasBrown1995 :O awkys,0,0,0,0,Non-Aligned,Non-Aligned
207959681413545985,2012-05-30 22:20:26,"@AshJLancaster 

""Liam, it was at five Farmville ;)
"".  XD",0,0,0,0,Non-Aligned,Labour
207959168529858561,2012-05-30 22:18:24,@ThomasBrown1995 You up for Friday ?,0,0,0,0,Non-Aligned,Non-Aligned
207936102936481792,2012-05-30 20:46:44,@ThomasBrown1995 @lazzay13 ... Shit my cover is blown :O *runs away*,0,0,0,0,Non-Aligned,Non-Aligned
207934417132462080,2012-05-30 20:40:02,@Lazzay13 @thomasbrown1995 no hes a dick xD jks,0,0,0,0,Non-Aligned,Non-Aligned
207842174753177600,2012-05-30 14:33:30,"@soperify *In Allan Suger voice* Now one of you, shall be fired!",0,0,0,0,Non-Aligned,SNP
207236381381115904,2012-05-28 22:26:18,@AshJLancaster you don't want to see myn xD,0,0,0,0,Non-Aligned,Non-Aligned
207236265416998913,2012-05-28 22:25:50,@ThomasBrown1995 what not to do :) ?,0,0,0,0,LibDem,Non-Aligned
206492532417372161,2012-05-26 21:10:30,@jemmabeann what at stagecoach ?,0,0,0,0,Non-Aligned,Labour
206356065544187904,2012-05-26 12:08:14,"@AshJLancaster tony was weird, I don't understand him :/",0,0,0,0,Non-Aligned,Non-Aligned
206309221803884545,2012-05-26 09:02:06,"@AshJLancaster I am once again, runnin late :(",0,0,0,0,Non-Aligned,Non-Aligned
205041335160414209,2012-05-22 21:03:58,@AshJLancaster haha you must be jokin xD,0,0,0,0,Non-Aligned,Non-Aligned
205041162300567553,2012-05-22 21:03:17,@jemmabeann xD,0,0,0,0,Non-Aligned,Non-Aligned
204660040714567681,2012-05-21 19:48:50,@ellybuzybee I'm insulted ! Pothead.,0,0,0,0,Non-Aligned,Non-Aligned
204516619790196736,2012-05-21 10:18:56,One more exam to go :DD,0,0,0,0,Non-Aligned,Non-Aligned
204455519610617856,2012-05-21 06:16:09,@ellybuzybee Ha no school :3,0,0,0,0,Non-Aligned,Non-Aligned
204323861595037696,2012-05-20 21:32:59,@ellybuzybee nice one xD,0,0,0,0,Non-Aligned,Non-Aligned
203974506908352512,2012-05-19 22:24:46,@AshJLancaster @ellybuzybee the cake is safe don't worry xD.,0,0,0,0,Labour,Labour
203973549134839809,2012-05-19 22:20:58,@AshJLancaster @ellybuzybee ;),0,0,0,0,Non-Aligned,Non-Aligned
203973245467246593,2012-05-19 22:19:46,"@AshJLancaster @ellybuzybee maybe... It tasted fine after adding the dead leaf, good idea @ellybuzybee",0,0,0,0,Non-Aligned,Non-Aligned
203972736060624897,2012-05-19 22:17:44,@AshJLancaster xD,0,0,0,0,Non-Aligned,Non-Aligned
203972568326209537,2012-05-19 22:17:04,@AshJLancaster @ellybuzybee well you tell me this now :O I'm going to die now.,0,0,0,0,Labour,SNP
203972270052483073,2012-05-19 22:15:53,@AshJLancaster neither do I :O omg we have so much in common !,0,0,0,0,LibDem,Non-Aligned
203972042033332225,2012-05-19 22:14:59,"@ellybuzybee @ashjlancaster totally going to do that :D, or I could put the Kelly like bits on top of buiscits :3",0,0,0,0,Green,LibDem
203971774889734146,2012-05-19 22:13:55,"@AshJLancaster the voice of Jeffrey eluded my thoughts, and the microwave was the only option to settle the deed",0,0,0,0,Labour,LibDem
203971047559667714,2012-05-19 22:11:01,@AshJLancaster the voices told me to do it O_o,0,0,0,0,Non-Aligned,Labour
203970932652523521,2012-05-19 22:10:34,"@ellybuzybee @ashjlancaster it's ok, if I put a bit of leaf on the top I could pass it off as luxury dining",0,0,0,0,LibDem,Labour
203970645242019842,2012-05-19 22:09:26,@ellybuzybee xD because potholes are obviously like pots Ellen :D,0,0,0,0,Non-Aligned,Non-Aligned
203970347194793985,2012-05-19 22:08:15,@ellybuzybee @ashjlancaster don't worry !! I can salvage this :S erm.... I could turn it into a soup :3,0,0,0,0,Non-Aligned,LibDem
203969857987940354,2012-05-19 22:06:18,@ellybuzybee :D I better not wear my dress when I'm eating banana fritters :S,0,0,0,0,Non-Aligned,Non-Aligned
203969562889302017,2012-05-19 22:05:08,@AshJLancaster he died... I put him in the microwave O_o,0,0,0,0,UKIP,Non-Aligned
203968911845228545,2012-05-19 22:02:32,@ellybuzybee make it Christmas if you want it to be ! I expect presents -.-,0,0,0,0,Non-Aligned,LibDem
203592072127717376,2012-05-18 21:05:07,@AshJLancaster @ellybuzybee O_o what's up ?,0,0,0,0,Non-Aligned,Non-Aligned
203512859429322754,2012-05-18 15:50:21,@AshJLancaster I'm not easiest !!! I'm sexist ! Where's my samwich !?!,0,0,0,0,Non-Aligned,Green
203500500153405442,2012-05-18 15:01:14,@AshJLancaster and soon shall be black ! In first contact with a puddle xD,0,0,0,0,Non-Aligned,Conservative
203497621233479680,2012-05-18 14:49:48,@jemmabeann I'm just glad I don't need to do pissing english again ! üòÉ,0,0,0,0,Labour,Conservative
203435886296309760,2012-05-18 10:44:29,@jemmabeann how did it go !!?!?,0,0,0,0,Non-Aligned,Non-Aligned
203435826565234688,2012-05-18 10:44:15,@AshJLancaster @pennyiskigh #palmface,0,0,0,0,Non-Aligned,Non-Aligned
203403020602580994,2012-05-18 08:33:53,@pennyisKIGH @ashjlancaster she didn't know that.... xD .... You're dead to me -.-,0,0,0,0,Non-Aligned,Non-Aligned
202748389211914240,2012-05-16 13:12:37,@jemmabeann ahhhh!!!! I am stressing !!,0,0,0,0,Non-Aligned,Non-Aligned
202739603122302977,2012-05-16 12:37:42,@jemmabeann I have no notes xD,0,0,0,0,Non-Aligned,Non-Aligned
202739195062665216,2012-05-16 12:36:05,Just realised ive had 100 tweets... Wow I hardly say anything on here O_o,0,0,0,0,Green,Green
202738809673220096,2012-05-16 12:34:33,English tomorrow -.- literally cannot be bothered ! #exams,0,0,0,0,Non-Aligned,Non-Aligned
201997444744097792,2012-05-14 11:28:38,@AshJLancaster nope :) I wet round the beach and king street quite allot of times and the only hard part was the pissing roundabouts :P,0,0,0,0,Conservative,SNP
201996699969916928,2012-05-14 11:25:40,@TJRLZ I said unity was easy !!!,0,0,0,0,Non-Aligned,Non-Aligned
201761526670049280,2012-05-13 19:51:11,#driving is a piece of cake :3,0,0,0,0,SNP,LibDem
201759944834424832,2012-05-13 19:44:54,@AshJLancaster put a lead on @jemmabeann,0,0,0,0,Green,Conservative
200360864212189185,2012-05-09 23:05:27,@ThomasBrown1995 yolo,0,0,0,0,Non-Aligned,Non-Aligned
200360799477301249,2012-05-09 23:05:11,@Lazzay13 @thomasbrown1995 xD,0,0,0,0,Non-Aligned,Non-Aligned
197652387408781313,2012-05-02 11:42:56,Information systems higher tomorrow :S,0,0,0,0,SNP,Non-Aligned
195580885234483202,2012-04-26 18:31:31,"@AshJLancaster eye, tanks ash you top lass",0,0,0,0,Non-Aligned,LibDem
195580056070926339,2012-04-26 18:28:13,What do you like about me? http://t.co/cmbuG91v #spillit,0,0,0,1,Green,Conservative
195540002086715392,2012-04-26 15:49:04,"EDF Energy/BeatBots to make ""Zingy"" mass produced http://t.co/wgOIS79S",0,0,0,1,Green,Labour
195262082655064064,2012-04-25 21:24:42,I wish the people around you knew how much you cared for them.,0,0,0,0,Green,Non-Aligned
194037628885151744,2012-04-22 12:19:10,"I just got tickets to Example at AECC on Apr 24, 2012 #TicketmasterUK https://t.co/BgEIZprF",0,0,0,1,Conservative,Conservative
193785349917507587,2012-04-21 19:36:42,@TJRLZ got to be careful about Internet :/,0,0,0,0,Non-Aligned,LibDem
193723231297994752,2012-04-21 15:29:52,What do you like about me? http://t.co/cmbuG91v #spillit,0,0,0,1,Green,Conservative
193357343839371264,2012-04-20 15:15:57,I broke my tooth again :( hurts like a bitch,0,0,0,0,Non-Aligned,Non-Aligned
193313556391931904,2012-04-20 12:21:58,@TJRLZ @edmcklabour @soperify sure :P,0,0,0,0,Non-Aligned,Labour
191919962112262144,2012-04-16 16:04:19,went back to school today :/ even thought the rest of Aberdeen is on holiday. Dred,0,0,0,0,Non-Aligned,Conservative
191915901312970752,2012-04-16 15:48:11,@TJRLZ HAHA that has eddy writen all over it,0,0,0,0,Non-Aligned,Non-Aligned
191914494765694976,2012-04-16 15:42:35,@TJRLZ true :S korea just got interesting,0,0,0,0,Non-Aligned,Conservative
190395209140539392,2012-04-12 11:05:29,RT @AngryBritain: #ICantDateSomeoneThat won't stop trying to escape from the van.,18,0,0,0,Non-Aligned,Non-Aligned
190063444639236096,2012-04-11 13:07:11,@TJRLZ true story...,0,0,0,0,Non-Aligned,Non-Aligned
190062975757979649,2012-04-11 13:05:19,@jemmabeann you have your twitter hacked :P change your password,0,0,0,0,Non-Aligned,LibDem
190062081767260160,2012-04-11 13:01:46,@TJRLZ what about Scotland -.-,0,0,0,0,SNP,SNP
190061127835713536,2012-04-11 12:57:58,@TJRLZ well that's not as bad :P,0,0,0,0,Labour,Labour
189641639738880000,2012-04-10 09:11:04,@TJRLZ I'll see you in Portsmouth,0,0,0,0,SNP,Labour
189625776038100993,2012-04-10 08:08:02,@soperify indeed,0,0,0,0,Non-Aligned,SNP
188550191752814592,2012-04-07 08:54:03,Dam twitter was hacked -.-,0,0,0,0,Non-Aligned,LibDem
188187836271439872,2012-04-06 08:54:11,are you serious about starting your own business in 2012? you have to check this out - http://t.co/oSVDIjtE,0,0,0,1,Conservative,Conservative
186816847004446721,2012-04-02 14:06:21,@TJRLZ you have to do it in the smallest rocket :P,0,0,0,0,LibDem,Non-Aligned
186816600928829440,2012-04-02 14:05:23,@TJRLZ and tribes wasnt good enough for you hey -.-,0,0,0,0,LibDem,Non-Aligned
185770982059941889,2012-03-30 16:50:28,"@TJRLZ try being the key word, followed by failure.",0,0,0,0,Labour,Labour
185762751904350208,2012-03-30 16:17:46,@TJRLZ it's on twitter :P mr Jefferies,0,0,0,0,LibDem,UKIP
185762065078697984,2012-03-30 16:15:02,@TJRLZ such a twat -.- xD,0,0,0,0,Non-Aligned,Non-Aligned
185761308824707072,2012-03-30 16:12:01,@TJRLZ you were the one who phoned me !,0,0,0,0,Non-Aligned,Non-Aligned
185760512338964480,2012-03-30 16:08:52,@TJRLZ I'm boring and you dot want to talk with me ! Harsh :(,0,0,0,0,Non-Aligned,Non-Aligned
185405476979216384,2012-03-29 16:38:05,"Just comming into town now to see @jemmabeann at Sweeney Todd, very #excited üòÅ",0,0,0,0,Non-Aligned,SNP
183839673305665536,2012-03-25 08:56:08,"@soperify casual trip to sainsburays, I win this round.",0,0,0,0,Non-Aligned,Non-Aligned
183321006046322689,2012-03-23 22:35:08,"@jemmabeann -.- its fine ;) you tweet allot more that I do, it's a rareity if I do :)",0,0,0,0,LibDem,Conservative
183317976295018496,2012-03-23 22:23:06,@AshJLancaster @jemmabeann I'm not feeling good either :/ but I'm Gona be there at 9:30 :),0,0,0,0,LibDem,LibDem
183317381895041024,2012-03-23 22:20:44,"RT @TJRLZ: #ItGetsMeMadWhen - I tell someone no, but 10 minutes later they return with same question because they didn't get the answer  ...",1,0,0,0,Non-Aligned,Non-Aligned
182870100599255040,2012-03-22 16:43:24,"@TJRLZ  was about to say, going to bed with them isn't the most dignified of options",0,0,0,0,Green,LibDem
182869916507062273,2012-03-22 16:42:40,@TJRLZ so you finally got round to following me hey O_o,0,0,0,0,Non-Aligned,Non-Aligned
182868238022082560,2012-03-22 16:36:00,@TJRLZ :P I'm learning Chinese next year,0,0,0,0,Non-Aligned,Non-Aligned
182867678195748866,2012-03-22 16:33:46,@TJRLZ what ..?,0,0,0,0,Non-Aligned,Non-Aligned
182448903541624832,2012-03-21 12:49:43,I have minor dyslexia.... Great üò£,0,0,0,0,Conservative,Labour
181032186957414403,2012-03-17 15:00:11,@AshJLancaster I was with Shaun :/ we didn't speak about too much ;),0,0,0,0,UKIP,Conservative
181027098440376321,2012-03-17 14:39:59,At burger king :) took a photo of ice for no apparent reason :S http://t.co/BQSuRl0N,0,0,1,0,Non-Aligned,Conservative
178909399350378496,2012-03-11 18:25:00,Sunset over #Aberdeen :) http://t.co/QYI13Yjv,1,0,1,0,SNP,SNP
178774006953017344,2012-03-11 09:26:59,"Going to pop up the road to Forres today, 80 mile drive... fun",0,0,0,0,SNP,SNP
178027442437496832,2012-03-09 08:00:24,I wish double decker busses could be bigger -.- I keep hitting my head off the roof :(,0,0,0,0,Non-Aligned,Non-Aligned
177153915798827008,2012-03-06 22:09:19,@AshJLancaster  yuk :(,0,0,0,0,Non-Aligned,Non-Aligned
176244176361504768,2012-03-04 09:54:20,Who here likes the #rain :) ?  #weather,0,0,0,0,Non-Aligned,Non-Aligned
174176950112354304,2012-02-27 16:59:55,"@ThomasBrown1995 @missamandab1995 you guys got the email from
Mr McEwan ?",0,0,0,0,Labour,Labour
174131523639971840,2012-02-27 13:59:25,@AshJLancaster you'll be fine ;),0,0,0,0,Non-Aligned,Non-Aligned
173904229675700225,2012-02-26 22:56:13,@missamandab1995 üòÅ what exam you got tomorrow ? üòñ,0,0,0,0,Non-Aligned,Non-Aligned
173885971681640448,2012-02-26 21:43:41,We have a sleepy #dog :D http://t.co/ZVnkW5RO,0,0,1,0,Labour,Conservative
173503228737093633,2012-02-25 20:22:47,@AshJLancaster @pennymeatsix  :P I'm up for it :D,0,0,0,0,Non-Aligned,Non-Aligned
172099448497909760,2012-02-21 23:24:40,@missamandab1995  :) it's a she :D but I had nothing else better to do inbetween the Brit Awards,0,0,0,0,LibDem,Non-Aligned
172085167165423617,2012-02-21 22:27:56,:D gave the dog some glasses http://t.co/1LLGmTsb,0,0,1,0,LibDem,Conservative
168347747634782208,2012-02-11 14:56:46,At pizzahut with the embarrassment that is my dad -.- http://t.co/3K537ASE,0,0,1,0,Conservative,LibDem
166111855004233729,2012-02-05 10:52:07,@AshJLancaster O_O I'll get you a ballon don't worry !,0,0,0,0,Non-Aligned,Labour
165822875130007552,2012-02-04 15:43:48,"#goinghome :) had a great day, need to do #revision when I get home :(",0,0,0,0,Labour,Conservative
165795430129606656,2012-02-04 13:54:45,#macdonalds with @AshJLancaster 's brother and Megan :),0,0,0,0,Non-Aligned,Non-Aligned
164261953458552832,2012-01-31 08:21:16,Rapist face.... Burnie ... http://t.co/mKvcDKFs,0,0,1,0,LibDem,Labour
164088297604382721,2012-01-30 20:51:13,@ThomasBrown1995 oh really O_o,0,0,0,0,LibDem,Non-Aligned
164030738533056513,2012-01-30 17:02:30,"It's #wet, #miserable, cold and worst of all #revision to do for #exams :(",0,0,0,0,Non-Aligned,Conservative
162149913717784576,2012-01-25 12:28:46,@Duncan_J_MacF indeed :D,0,0,0,0,Non-Aligned,SNP
161575214101168128,2012-01-23 22:25:08,Eye can see you ! http://t.co/j1Tni7fC,0,0,1,0,LibDem,Conservative
161574225264652289,2012-01-23 22:21:11,@missamandab1995 @youtube  nice video on the scenes !!! I actually learnt something :),0,0,0,0,LibDem,Green
161449169662394368,2012-01-23 14:04:17,@ThomasBrown1995 what a nice couple http://t.co/eetaHG2v,0,0,1,0,LibDem,Labour
160664768099790848,2012-01-21 10:07:20,Good morning o_o http://t.co/ZCy937pk,0,0,1,0,SNP,Conservative
160121368782970880,2012-01-19 22:08:03,@ThomasBrown1995 @kirza94  haha genius!,0,0,0,0,Non-Aligned,SNP
158976999761788929,2012-01-16 18:20:45,http://t.co/URi64CS9,0,0,1,0,Labour,Labour
157763679486619649,2012-01-13 09:59:26,@techhub24 don't work too hard on it ;),0,0,0,0,LibDem,Non-Aligned
157763574075363328,2012-01-13 09:59:01,RT @techhub24: For those of you who use #Google #Chrome you'll be happy to know that http://t.co/18K30WJF has nearly finished it's new c ...,2,0,0,1,Labour,Labour
157181188153421824,2012-01-11 19:24:50,I nominate @ProSyndicate for a Shorty Award in #gaming because... he's is boobilitios! http://t.co/gDmzPOHC,0,0,0,1,Non-Aligned,Non-Aligned
155973991780188160,2012-01-08 11:27:52,JustRP #samp server bow live ! Join at our website http://t.co/l7fLvwIz ! #gta  http://t.co/srNRMPKS,0,0,0,2,Labour,Labour
155293840767590400,2012-01-06 14:25:11,Play a bit of #swtor and try to finish alderon,0,0,0,0,SNP,Non-Aligned
154942357719105536,2012-01-05 15:08:31,RT @techhub24: http://t.co/18K30WJF is pleased to announce that our #website now works much better in #InternetExplorer ! #updates,1,0,0,1,SNP,Labour
154935904992104449,2012-01-05 14:42:52,"GTA III goes on sale for the holidays, brings violen.. #news #tech Check out this article on TechHub24: http://t.co/JUnnlEQU via @TechHub24",0,0,0,1,LibDem,LibDem
154934833485856768,2012-01-05 14:38:37,AOL Instant Messenger preview version rife with priv.. #news #tech Check out this article on TechHub24: http://t.co/Imdks1hT via @TechHub24,0,0,0,1,LibDem,Conservative
154261110948769793,2012-01-03 18:01:29,Check out this article on TechHub24: http://t.co/tZEPB1oX via @TechHub24,0,0,0,1,LibDem,Conservative
154167297697783808,2012-01-03 11:48:42,"Dobbies garden Center, having pancakes so life is good :) @mecottrell",0,0,0,0,Non-Aligned,Non-Aligned
151990588584108032,2011-12-28 11:39:14,In #cafenero having #coffee,0,0,0,0,Non-Aligned,Non-Aligned
151346202842107904,2011-12-26 16:58:41,Just got my new iPhone 4 thanks to Santa !,0,0,0,0,Conservative,Conservative
148466741679370240,2011-12-18 18:16:44,Check out this article on TechHub24: http://t.co/UbdInNY0 via @TechHub24,0,0,0,1,LibDem,Conservative
146292675115630592,2011-12-12 18:17:46,@techhub24 Best News Around :D!,0,0,0,0,Non-Aligned,Non-Aligned
146291402773499904,2011-12-12 18:12:43,@soperify such a derp,0,0,0,0,Non-Aligned,Non-Aligned
146290898538463232,2011-12-12 18:10:42,Check out this article on TechHub24: http://t.co/oQ4Eidkt via @TechHub24,0,0,0,1,LibDem,Conservative
146288073783775232,2011-12-12 17:59:29,YouTube launches schools service: http://t.co/wJVdXj8q via @TechHub24,0,0,0,1,Conservative,Green
146278632606810114,2011-12-12 17:21:58,"RT @techhub24: Yifan Lu jailbreaks Kindle Touch, uses a special MP3 file to do so (video).. http://t.co/aI0wHdJI #news #technology #tech",1,0,0,1,LibDem,Conservative
145951620360962048,2011-12-11 19:42:32,RT @techhub24: iPad 2 dropped in lava in the name of marketing.. http://t.co/vQ26uGuT #news #technology #tech,1,0,0,1,DUP,Conservative
7806442463,2010-01-15 23:36:57,"#Shotgun_Free FTW: 201 shots, 0.162 fastest fire, 4.751 fastest five, 11 in fifteen seconds. http://bit.ly/1FNhKK",0,0,0,0,Conservative,Conservative
3184693760,2009-08-07 22:41:47,Got Twitter learning what it's about,0,0,0,0,Green,Non-Aligned
